topic_id,top_terms,num_posts
0,"trend, salaries, interview trend, switching, interview, career switching, career, trend salaries, salaries career, street interview, street, trend relatable, relatable office, relatable, office",3
1,"rumors, predictions weekend, transfer rumors, transfer, predictions, policy updates, renewable energy, renewable, policy, rumors derby, match predictions, match, investments eu, investments, football transfer",2
2,"tips, startups, examples, deck, pitch, fundraising, fundraising tips, pitch deck, deck storytelling, storytelling, storytelling examples, startups fundraising, tips pitch, workout, workout challenge",3
3,"retraining, retraining strategy, monitoring retraining, monitoring, model drift, model, machine learning, machine, learning model, learning, drift monitoring, drift, strategy, booktok recommendations, booktok",1
4,"productivity, personal growth, personal, booktok recommendations, booktok, productivity personal, recommendations productivity, recommendations, growth, remote work, remote, practices, tools async, work productivity, work",2
5,"race, qualifying session, qualifying, race strategy, strategy discussions, session surprises, session, surprises race, surprises, f1 qualifying, f1, discussions, basketball playoff, basketball, player efficiency",2
6,"market, moves macroeconomic, signals watch, stock market, stock, signals, opening moves, opening, moves, market opening, macroeconomic signals, macroeconomic, watch, bitcoin, news",2
7,"new, camera, camera test, comparison zoom, comparison, dominate tech, fps, fps tests, dominate, gaming, gaming laptop, laptop benchmarks, laptop, light, light comparison",2
8,"pipelines, testing, pipelines airflow, orchestration testing, orchestration, engineering pipelines, engineering, data engineering, data, airflow orchestration, airflow, pipelines topic, topic detection, topic, reddit posts",2
9,"network, network expansion, expansion europe, expansion, europe, electric vehicle, electric, charging network, charging, vehicle charging, vehicle, automation scripts, booktok recommendations, booktok, bodyweight exercises",1
10,"prevention, routines creators, routines, prevention habits, mental health, mental, health routines, health, habits, creators burnout, creators, burnout prevention, burnout, automation scripts, booktok recommendations",1
11,"spring minimalist, spring, outfit, style trends, style, outfit ideas, minimalist style, minimalist, ideas spring, ideas, fashion outfit, fashion, trends, work productivity, work",1
12,"response checklist, response, small businesses, small, breach, cybersecurity breach, cybersecurity, checklist small, checklist, businesses, breach response, workflows, work productivity, work, automation scripts",1
13,"workflows content, workflows, planning, social media, social, media workflows, media, content planning, content, automate social, automate, agents automate, agents, booktok recommendations, booktok",1
14,"affordable products, products, sensitive skin, sensitive, routine sensitive, routine, skincare routine, skincare, skin affordable, skin, affordable, watch, zoom quality, zoom, workout challenge",1
15,"travel vlog, travel, spots, places, places coffee, hidden places, hidden, coffee spots, coffee, bucharest hidden, bucharest, vlog bucharest, vlog, work, automation scripts",1
16,"recap, league highlights, league, highlights goals, highlights, goals recap, goals, champions league, champions, uefa champions, uefa, booktok recommendations, booktok, bodyweight exercises, bodyweight",1
17,"politics, romanian politics, romanian, narratives, politics debate, local election, local, election campaign, election, debate local, debate, campaign narratives, campaign, work, automation scripts",1
18,"scripts, reporting, python, automation scripts, python automation, scripts analytics, dashboards reporting, dashboards, analytics dashboards, analytics, automation, workflows content, workflows, work productivity, work",1
19,"portfolio, strategy portfolio, rebalancing volatile, rebalancing, portfolio rebalancing, markets, investing strategy, investing, dividend investing, dividend, volatile markets, volatile, strategy, work productivity, work",1
